date,pageviews
2023-02-06,357399
2023-02-07,373107
2023-02-08,362915
2023-02-09,317066
2023-02-10,287808
2023-02-11,201605
2023-02-12,232380
2023-02-13,302170
2023-02-14,334309
2023-02-15,347547
2023-02-16,329878
2023-02-17,294168
2023-02-18,199063
2023-02-19,225984
2023-02-20,335285
2023-02-21,319535
2023-02-22,322191
2023-02-23,355957
2023-02-24,309722
2023-02-25,236421
2023-02-26,252813
2023-02-27,363087
2023-02-28,358900
2023-03-01,357868
2023-03-02,395994
2023-03-03,319708
2023-03-04,233031
2023-03-05,245505
2023-03-06,326224
2023-03-07,327030
2023-03-08,349417
2023-03-09,332878
2023-03-10,302542
2023-03-11,215020
2023-03-12,220823
2023-03-13,308721
2023-03-14,339476
2023-03-15,329520
2023-03-16,316560
2023-03-17,284504
2023-03-18,235906
2023-03-19,296071
2023-03-20,337879
2023-03-21,353129
2023-03-22,327210
2023-03-23,336082
2023-03-24,328199
2023-03-25,289653
2023-03-26,267018
2023-03-27,325790
2023-03-28,327232
2023-03-29,331640
2023-03-30,326199
2023-03-31,263274
2023-04-01,268730
2023-04-02,214557
2023-04-03,286314
2023-04-04,290181
2023-04-05,277900
2023-04-06,254862
2023-04-07,238905
2023-04-08,187017
2023-04-09,188919
2023-04-10,274625
2023-04-11,259981
2023-04-12,260667
2023-04-13,270367
2023-04-14,250997
2023-04-15,161294
2023-04-16,206297
2023-04-17,264074
2023-04-18,257966
2023-04-19,262262
2023-04-20,305078
2023-04-21,278425
2023-04-22,213755
2023-04-23,218790
2023-04-24,308097
2023-04-25,286181
2023-04-26,292171
2023-04-27,321968
2023-04-28,326308
2023-04-29,211374
2023-04-30,213964
2023-05-01,331319
2023-05-02,327579
2023-05-03,308100
2023-05-04,291827
2023-05-05,316176
2023-05-06,205450
2023-05-07,211142
2023-05-08,435711
2023-05-09,386147
2023-05-10,370006
2023-05-11,394056
2023-05-12,332321
2023-05-13,203945
2023-05-14,232826
2023-05-15,284386
2023-05-16,291080
2023-05-17,290415
2023-05-18,319006
2023-05-19,281037
2023-05-20,268199
2023-05-21,219535
2023-05-22,261983
2023-05-23,275465
2023-05-24,310297
2023-05-25,254815
2023-05-26,236379
2023-05-27,183417
2023-05-28,180707
2023-05-29,204125
2023-05-30,265989
2023-05-31,287092
2023-06-01,301705
2023-06-02,290031
2023-06-03,219476
2023-06-04,253094
2023-06-05,307314
2023-06-06,279693
2023-06-07,288774
2023-06-08,249275
2023-06-09,246891
2023-06-10,235584
2023-06-11,230640
2023-06-12,270030
2023-06-13,268812
2023-06-14,288783
2023-06-15,257092
2023-06-16,232302
2023-06-17,190688
2023-06-18,244217
2023-06-19,302583
2023-06-20,313455
2023-06-21,338423
2023-06-22,390162
2023-06-23,423000
2023-06-24,270808
2023-06-25,261288
2023-06-26,289089
2023-06-27,328317
2023-06-28,320300
2023-06-29,337406
2023-06-30,301801
2023-07-01,268141
2023-07-02,320909
2023-07-03,304399
2023-07-04,378657
2023-07-05,333036
2023-07-06,317258
2023-07-07,306680
2023-07-08,339860
2023-07-09,405386
2023-07-10,424497
2023-07-11,422583
2023-07-12,404074
2023-07-13,398408
2023-07-14,413737
2023-07-15,393821
2023-07-16,482588
2023-07-17,496447
2023-07-18,523061
2023-07-19,571134
2023-07-20,655336
2023-07-21,1040222
2023-07-22,1311425
2023-07-23,1438215
2023-07-24,1304314
2023-07-25,964867
2023-07-26,939643
2023-07-27,795941
2023-07-28,844198
2023-07-29,783223
2023-07-30,891423
2023-07-31,855005
2023-08-01,743424
2023-08-02,733963
2023-08-03,588237
2023-08-04,555249
2023-08-05,542999
2023-08-06,635236
2023-08-07,586240
2023-08-08,466249
2023-08-09,471187
2023-08-10,437950
2023-08-11,465733
2023-08-12,441568
2023-08-13,502600
2023-08-14,482078
2023-08-15,452876
2023-08-16,442791
2023-08-17,402707
2023-08-18,361473
2023-08-19,346859
2023-08-20,396426
2023-08-21,443654
2023-08-22,377740
2023-08-23,421737
2023-08-24,415921
2023-08-25,337343
2023-08-26,589210
2023-08-27,774221
2023-08-28,759334
2023-08-29,563198
2023-08-30,882505
2023-08-31,702821
2023-09-01,619347
2023-09-02,531701
2023-09-03,494221
2023-09-04,617937
2023-09-05,777157
2023-09-06,587069
2023-09-07,594332
2023-09-08,569097
2023-09-09,592564
2023-09-10,620751
2023-09-11,833171
2023-09-12,986950
2023-09-13,991265
2023-09-14,955945
2023-09-15,746285
2023-09-16,548006
2023-09-17,447281
2023-09-18,741221
2023-09-19,1125165
2023-09-20,384799
2023-09-21,386478
2023-09-22,365701
2023-09-23,274588
2023-09-24,335531
2023-09-25,430199
2023-09-26,394848
2023-09-27,394543
2023-09-28,394827
2023-09-29,348431
2023-09-30,249743
2023-10-01,269439
2023-10-02,377429
2023-10-03,445327
2023-10-04,429534
2023-10-05,409707
2023-10-06,376182
2023-10-07,260220
2023-10-08,262405
2023-10-09,351657
2023-10-10,365441
2023-10-11,368327
2023-10-12,350205
2023-10-13,320167
2023-10-14,268372
2023-10-15,265591
2023-10-16,421518
2023-10-17,397707
2023-10-18,375204
2023-10-19,399735
2023-10-20,352385
2023-10-21,270527
2023-10-22,279976
2023-10-23,369708
2023-10-24,367482
2023-10-25,338709
2023-10-26,367118
2023-10-27,342480
2023-10-28,236447
2023-10-29,274299
2023-10-30,376545
2023-10-31,352828
2023-11-01,341338
2023-11-02,366057
2023-11-03,333224
2023-11-04,241371
2023-11-05,261501
2023-11-06,368710
2023-11-07,370046
2023-11-08,370816
2023-11-09,380518
2023-11-10,341083
2023-11-11,289932
2023-11-12,313563
2023-11-13,353715
2023-11-14,408291
2023-11-15,407891
2023-11-16,393235
2023-11-17,338997
2023-11-18,289723
2023-11-19,301796
2023-11-20,382048
2023-11-21,359507
2023-11-22,368039
2023-11-23,330304
2023-11-24,360678
2023-11-25,384427
2023-11-26,386166
2023-11-27,440569
2023-11-28,455392
2023-11-29,439948
2023-11-30,428899
2023-12-01,376771
2023-12-02,323042
2023-12-03,366490
2023-12-04,449110
2023-12-05,420594
2023-12-06,422548
2023-12-07,400780
2023-12-08,380494
2023-12-09,319765
2023-12-10,347058
2023-12-11,433999
2023-12-12,409581
2023-12-13,404220
2023-12-14,398319
2023-12-15,347488
2023-12-16,279119
2023-12-17,309360
2023-12-18,415709
2023-12-19,336630
2023-12-20,328954
2023-12-21,333028
2023-12-22,295120
2023-12-23,292738
2023-12-24,297014
2023-12-25,283882
2023-12-26,335019
2023-12-27,404380
2023-12-28,343422
2023-12-29,335846
2023-12-30,350531
2023-12-31,364346
2024-01-01,381306
2024-01-02,410177
2024-01-03,374660
2024-01-04,433920
2024-01-05,412529
2024-01-06,419303
2024-01-07,415605
2024-01-08,456612
2024-01-09,448444
2024-01-10,438955
2024-01-11,437053
2024-01-12,415069
2024-01-13,380392
2024-01-14,411146
2024-01-15,414223
2024-01-16,438848
2024-01-17,419168
2024-01-18,424025
2024-01-19,400234
2024-01-20,343586
2024-01-21,358198
2024-01-22,426059
2024-01-23,437690
2024-01-24,435383
2024-01-25,439810
2024-01-26,403959
2024-01-27,351814
2024-01-28,437444
2024-01-29,595056
2024-01-30,477456
2024-01-31,440737
2024-02-01,441375
2024-02-02,417845
2024-02-03,364118
2024-02-04,392047
2024-02-05,479680
2024-02-06,431295
2024-02-07,420574
2024-02-08,424945
2024-02-09,390565
2024-02-10,300998
2024-02-11,326738
2024-02-12,389367
2024-02-13,410611
2024-02-14,394447
2024-02-15,400630
2024-02-16,428812
2024-02-17,587871
2024-02-18,690997
2024-02-19,728704
2024-02-20,611595
2024-02-21,525557
2024-02-22,497754
2024-02-23,476360
2024-02-24,430573
2024-02-25,514260
2024-02-26,558622
2024-02-27,504183
2024-02-28,500077
2024-02-29,463000
2024-03-01,441030
2024-03-02,403728
2024-03-03,429344
2024-03-04,487900
2024-03-05,468480
2024-03-06,499906
2024-03-07,480981
2024-03-08,436419
2024-03-09,396627
2024-03-10,471826
2024-03-11,611850
2024-03-12,582259
2024-03-13,534380
2024-03-14,514244
2024-03-15,457142
2024-03-16,390370
2024-03-17,424522
2024-03-18,510136
2024-03-19,500939
2024-03-20,446841
2024-03-21,424104
2024-03-22,416310
2024-03-23,369484
2024-03-24,423935
2024-03-25,475026
2024-03-26,414479
2024-03-27,429980
2024-03-28,429526
2024-03-29,368874
2024-03-30,331615
2024-03-31,345612
2024-04-01,526830
2024-04-02,470827
2024-04-03,471234
2024-04-04,464186
2024-04-05,439508
2024-04-06,350546
2024-04-07,390143
2024-04-08,549501
2024-04-09,500632
2024-04-10,517646
2024-04-11,451962
2024-04-12,413539
2024-04-13,339822
2024-04-14,343253
2024-04-15,434597
2024-04-16,410614
2024-04-17,424611
2024-04-18,444819
2024-04-19,393200
2024-04-20,316931
2024-04-21,348013
2024-04-22,434271
2024-04-23,419922
2024-04-24,443023
2024-04-25,417056
2024-04-26,398047
2024-04-27,298441
2024-04-28,350229
2024-04-29,460762
2024-04-30,424552
2024-05-01,417082
2024-05-02,390537
2024-05-03,371101
2024-05-04,288669
2024-05-05,306322
2024-05-06,402016
2024-05-07,409236
2024-05-08,394447
2024-05-09,394854
2024-05-10,398895
2024-05-11,527161
2024-05-12,435041
2024-05-13,446986
2024-05-14,406075
2024-05-15,376175
2024-05-16,362409
2024-05-17,341862
2024-05-18,302157
2024-05-19,320254
2024-05-20,360496
2024-05-21,361152
2024-05-22,359966
2024-05-23,355700
2024-05-24,323377
2024-05-25,263727
2024-05-26,284929
2024-05-27,324465
2024-05-28,365963
2024-05-29,350124
2024-05-30,342797
2024-05-31,300861
2024-06-01,246567
2024-06-02,267291
2024-06-03,331428
2024-06-04,331421
2024-06-05,325095
2024-06-06,309800
2024-06-07,289759
2024-06-08,243079
2024-06-09,251747
2024-06-10,296172
2024-06-11,303979
2024-06-12,296597
2024-06-13,304109
2024-06-14,339789
2024-06-15,261074
2024-06-16,270370
2024-06-17,319507
2024-06-18,346837
2024-06-19,365032
2024-06-20,377306
2024-06-21,344350
2024-06-22,331836
2024-06-23,361205
2024-06-24,388622
2024-06-25,330284
2024-06-26,329513
2024-06-27,306181
2024-06-28,257356
2024-06-29,274732
2024-06-30,307861
2024-07-01,309112
2024-07-02,303346
2024-07-03,303048
2024-07-04,269580
2024-07-05,264695
2024-07-06,270780
2024-07-07,299655
2024-07-08,334418
2024-07-09,331337
2024-07-10,358988
2024-07-11,316273
2024-07-12,281742
2024-07-13,247406
2024-07-14,226037
2024-07-15,302633
2024-07-16,351893
2024-07-17,303142
2024-07-18,297186
2024-07-19,261205
2024-07-20,234730
2024-07-21,239828
2024-07-22,272551
2024-07-23,280278
2024-07-24,290999
2024-07-25,304787
2024-07-26,258409
2024-07-27,228310
2024-07-28,248686
2024-07-29,272146
2024-07-30,276083
2024-07-31,273700
2024-08-01,260367
2024-08-02,252898
2024-08-03,214454
2024-08-04,241540
2024-08-05,264963
2024-08-06,270474
2024-08-07,266955
2024-08-08,258143
2024-08-09,260110
2024-08-10,220669
2024-08-11,235044
2024-08-12,282901
2024-08-13,279691
2024-08-14,285428
2024-08-15,275344
2024-08-16,265893
2024-08-17,237767
2024-08-18,258370
2024-08-19,309218
2024-08-20,296583
2024-08-21,302906
2024-08-22,301090
2024-08-23,273991
2024-08-24,227247
2024-08-25,247472
2024-08-26,324100
2024-08-27,329454
2024-08-28,329742
2024-08-29,329802
2024-08-30,294652
2024-08-31,228772
2024-09-01,261518
2024-09-02,288509
2024-09-03,363491
2024-09-04,332759
2024-09-05,343770
2024-09-06,317675
2024-09-07,245197
2024-09-08,256317
2024-09-09,339899
2024-09-10,358121
2024-09-11,315838
2024-09-12,346985
2024-09-13,321916
2024-09-14,235670
2024-09-15,249282
2024-09-16,347935
2024-09-17,354869
2024-09-18,385790
2024-09-19,370251
2024-09-20,333312
2024-09-21,253295
2024-09-22,275800
2024-09-23,367596
2024-09-24,363617
2024-09-25,337564
2024-09-26,365062
2024-09-27,346501
2024-09-28,242371
2024-09-29,257273
2024-09-30,348643
2024-10-01,349145
2024-10-02,350597
2024-10-03,283836
2024-10-04,285060
2024-10-05,250529
2024-10-06,212303
2024-10-07,318506
2024-10-08,496881
2024-10-09,460373
2024-10-10,417133
2024-10-11,426367
2024-10-12,280482
2024-10-13,274035
2024-10-14,348966
2024-10-15,361353
2024-10-16,379472
2024-10-17,361801
2024-10-18,329116
2024-10-19,248169
2024-10-20,255231
2024-10-21,358199
2024-10-22,353419
2024-10-23,391795
2024-10-24,352687
2024-10-25,320892
2024-10-26,245186
2024-10-27,265946
2024-10-28,352840
2024-10-29,341945
2024-10-30,356775
2024-10-31,325490
2024-11-01,311751
2024-11-02,254132
2024-11-03,263793
2024-11-04,347340
2024-11-05,327716
2024-11-06,288368
2024-11-07,343985
2024-11-08,322796
2024-11-09,243772
2024-11-10,255352
2024-11-11,319388
2024-11-12,347616
2024-11-13,377740
2024-11-14,362987
2024-11-15,335210
2024-11-16,252131
2024-11-17,262992
2024-11-18,367733
2024-11-19,385565
2024-11-20,410169
2024-11-21,397136
2024-11-22,341986
2024-11-23,257410
2024-11-24,261010
2024-11-25,328253
2024-11-26,310502
2024-11-27,279999
2024-11-28,234985
2024-11-29,267208
2024-11-30,254189
2024-12-01,261484
2024-12-02,349509
2024-12-03,361491
2024-12-04,382901
2024-12-05,357833
2024-12-06,334878
2024-12-07,246730
2024-12-08,245818
2024-12-09,340464
2024-12-10,366854
2024-12-11,374321
2024-12-12,358366
2024-12-13,301120
2024-12-14,236551
2024-12-15,255188
2024-12-16,340476
2024-12-17,335156
2024-12-18,329027
2024-12-19,304946
2024-12-20,251258
2024-12-21,226386
2024-12-22,226286
2024-12-23,228290
2024-12-24,219487
2024-12-25,217166
2024-12-26,237819
2024-12-27,257051
2024-12-28,272341
2024-12-29,257343
2024-12-30,267326
2024-12-31,251967
